{
  "project_info": {
    "project_number": "527549507348",
    "project_id": "food-b8ff0",
    "storage_bucket": "food-b8ff0.appspot.com"
  },
  "client": [
    {
      "client_info": {
        "mobilesdk_app_id": "1:527549507348:android:b97449ec468deeb6a50401",
        "android_client_info": {
          "package_name": "com.example.login"
        }
      },
      "oauth_client": [
        {
          "client_id": "527549507348-ge8fns36hfibo0uugrcgk7vcdf4vqfok.apps.googleusercontent.com",
          "client_type": 3
        }
      ],
      "api_key": [
        {
          "current_key": "AIzaSyAcPASr3la2ylks4SgPOLQDwBeHZbAvmVk"
        }
      ],
      "services": {
        "appinvite_service": {
          "other_platform_oauth_client": [
            {
              "client_id": "527549507348-ge8fns36hfibo0uugrcgk7vcdf4vqfok.apps.googleusercontent.com",
              "client_type": 3
            }
          ]
        }
      }
    }
  ],
  "configuration_version": "1"
}